3.426483918278862,5.3559211541560696,0,0,0.33423790517984336,0.87252787172223412,0.84918044014186145,0.72126140006627015,0.19372558422164221,0.97966966476919026,0.0018490248330093953,0.81023881615711835,27243.027693912205,42759.291648036757,47989.456760004694,64842.887771588023,59529.677730240554,68278.107829961533,49702.694895092587,44033.988270924994,45816.201053376353,39151.921158719328,37889.53129888585,27024.870838229243,0.46932511885657097,0.81109796407341617,
2.7065045468576954,6.2590529009688423,0,0,0.35270713699353351,0.45864301179436995,0.56885251292220806,0.72778482916503795,0.086322504230234506,0.99613129206383511,0.0070701504712433498,0.36973937790786476,27564.527460430189,42449.702364912402,47802.012118294522,60031.493792829307,56185.715615919027,61695.226432354459,49469.479669230066,44009.930840150817,44855.949559107641,40512.384749094286,37129.700479332918,27233.535637985016,0.43991711445189824,0.97959687792764705,
0.67966909647348639,8.2457003551065924,0,0,0.31055735193531708,0.74895797299696898,0.27623374973750692,0.13726305451733078,0.6958386895446308,0.99627810540918216,0.0023877000779778438,0.43584384674855214,27153.182343955792,42684.400726242777,47877.955355663755,64444.844614037509,68050.607399017725,63283.269560125605,49577.651330657216,43958.308637166563,42267.593465314618,34108.412604450808,37456.94071035042,26788.546567823803,0.47656474165535362,0.60501638243104938,
3.6923190169204125,4.9808334838250428,0,0,0.33266668254355697,0.83542661927231276,0.24609579135968718,0.71783566450461156,0.14142363107214301,0.999,0.0044518051884383254,0.88423193837125602,26947.143869040799,42797.659397816831,47840.713766949892,62930.703112337898,67406.857325076446,62727.039150503384,49573.181006027669,44020.854201148861,45364.267764778175,38988.081638690564,37505.474995247532,27144.442132108259,0.46514924998523255,0.79677669231819215,
3.4679129470875214,5.2160305685393613,0,0,0.3286737190018984,0.8733458831910631,0.99890249785345941,0.70991172275014958,0.19097631486242117,0.96238988460539598,0.0018330871215800971,0.85355692212110323,26958.197618513914,42740.152436268603,47988.42074669744,64644.082050452882,59502.13486227885,68331.985447320389,49702.694895092587,44046.115500609187,45712.180430580243,39056.942454808574,37889.53129888585,27023.08482376358,0.46932511885657097,0.7943313377072857,
0.57941491609718121,8.8288578673114309,0,0,0.29291031198102924,0.81900513644675565,0.31159976269225587,0.14879294869717979,0.74222541198155878,0.99830874941776904,0.0027785522036520068,0.40737932173011082,27334.128438426447,42745.198398244596,47925.699096895871,63949.278728425335,68382.547810404765,64296.458401488482,49668.8038682267,44001.915193603665,41754.201145064828,34040.985653778771,37569.352230207056,26839.532375269926,0.49724190204283464,0.58955632849653594,
3.5609159882667223,5.147812688704791,0,0,0.33219563261283835,0.84687267163268465,0.65028907665780034,0.77210962579332054,0.15513227554180944,0.99653310552927032,0.003784365253282559,0.76296003827870817,26958.065198233733,42792.538140871657,47864.691650870569,62648.013899933154,67336.93179304355,62703.926686029168,49639.633434318617,43952.292406457782,45289.879419182274,38929.631584587878,37471.145864324302,26985.907923002429,0.46906881279635354,0.79398878966476438,
3.8806691460036178,4.6144674582221334,0,0,0.32215700078001253,0.74840724028057959,0.77138608078285353,0.70995947807465842,0.10376321538034285,0.99893576659555738,0.010303810056505406,0.94050226534424852,26048.876111941066,43033.849187219916,47936.216614363067,64195.630454328326,59957.999651071848,67012.509674915462,49650.557243370058,44022.246632079026,45928.11253799338,39224.516369900244,37794.332406673246,27081.692707925627,0.45437822435217301,0.78482079849965602,
3.8093598912725053,4.6634254482889244,0,0,0.3217733503272836,0.75033462648812788,0.72927673945582394,0.71381016050741164,0.11610312356442531,0.99893526637606223,0.010305566505247164,0.93623898633833613,26076.997408413496,43030.040710753397,47953.269956317847,64195.638722218966,60497.147830360431,67026.046832627108,49650.571417237079,44008.948254692419,45914.62306876076,39328.127981645084,37802.983863266323,27170.603934632669,0.45437077053403258,0.78482063292002202,
1.4281574796231116,6.5566108936890668,0,0,0.36970199149304578,0.43017080914177019,0.51563282207285666,0.64853459696616134,0.39975890085829269,0.95579439883651085,0.0023598071931801843,0.38824685081589383,27428.353321397943,42642.719414978797,47740.134640789147,56915.268124419912,64623.658189382557,68380.593729750486,49487.059062911903,44122.660260917357,43123.270244166364,37033.646898555955,37487.543102089228,28063.813483799193,0.39555069123418496,0.80926847230729093,
1.4362800655441355,6.511412313714942,0,0,0.37746692907251833,0.43017080914177019,0.37996137878469077,0.64853459696616134,0.39940410388827657,0.95579439883651085,0.0024002107715635625,0.38824685081589383,27428.451448104744,42854.107280719654,47740.134640789147,56847.443896793164,64375.737436996227,68351.945255438943,49485.437408527359,44123.059820251205,43123.270244166364,36304.008435942749,37487.543727086988,28039.633412017367,0.39555084279312153,0.80926847230729093,
0.55980049797740539,8.9377026872120009,0,0,0.28186028937284574,0.83183607931501136,0.077710626318750586,0.19106478767702742,0.74667510969521311,0.99887555826659558,0.0027152199397405983,0.39496176111462178,27221.724052659283,42746.28798057713,47927.402032044884,64151.072694645976,68503.079774150741,64427.128937616544,49634.420270662624,44000.915524863878,42447.438888141209,34041.578090601215,37604.002576472703,26868.799406680089,0.49999435779161472,0.59036329852508629,
4.2528332755082117,4.4067070484394861,0,0,0.31871696836094215,0.74587710748215275,0.98514635144424301,0.75192100345711843,0.038647901668123451,0.99895457252422326,0.010335029025496141,0.86582893918094028,26030.746529522072,43033.759191565536,47948.984526552667,63941.900688457841,60508.642356246695,65705.678972202484,49645.413844444127,44009.174950407643,45481.296359626431,39209.889810694789,37858.915975054086,27340.417051671724,0.45364135571069125,0.78557973027336137,
0.48472550114934326,9.0896125776312289,0,0,0.45133512775700896,0.26022642833482612,0.74089139969970363,0.15744515578036081,0.71034301488021812,0.94087171750754017,0.010466935992539587,0.082977473660953968,28245.016503858034,42777.227591641495,50988.832467105705,67807.923423557964,59568.102721600262,52973.260772743008,50116.550323369665,55578.556279408156,41318.470018392327,31689.612864261413,24754.13430479926,26918.699271028909,0.50904418801001672,0.67924655435949477,
0.099953801070958193,14.035824707910503,0,0,0.34039096210463693,0.62101601408096407,0.612294557187542,0.30566058716891814,0.93204269146277752,0.95755128935270517,0.0056384298123043101,0.058093669038728264,26568.448975375493,43656.5256904282,49427.915088692891,68518.062741086367,67074.35432752021,67392.073012053283,50040.381650557596,57033.793169462777,39755.433216900434,37018.296510213826,26849.530564475463,25807.514420830968,0.59198635140451905,0.85772392914968798,
4.5657346978725455,4.2846982294433626,0,0,0.31874584280672724,0.7217692360494915,0.97538645451651773,0.71568947176418485,0.01664381257436327,0.9697469091934029,0.012823227998455929,0.98531007295603434,26194.702752523637,43111.754461571079,47956.367643313803,64195.807862553083,57899.085337258432,64312.801351264665,49652.879938479389,44117.28614979663,45350.547569872244,39241.772529885209,37865.243881580333,27600.618582376272,0.45444757892111126,0.78198780440524862,
3.319199719988577,5.5878769020934005,0,0,0.33811395077065393,0.86454332624085795,0.55193779808258125,0.7455976240869141,0.23356067389765905,0.89957867161849958,0.010344512456875413,0.74555049117387984,26881.045377069735,42721.426978440591,47968.764383464135,63721.962380814351,58999.239966365101,63345.187244678891,49767.632398413174,44079.118466288826,45710.790992525828,39232.214226911594,37456.428186754361,27501.969728990451,0.46681307109125819,0.80031341809525491,
1.5428440922984517,6.3627675768684506,0,0,0.37272787774282845,0.43704397815600682,0.51558322720313854,0.69401014677132711,0.39135909629563315,0.88649329805709676,0.0024804134784077408,0.39260034338282429,27373.396963836833,42876.863823979904,47680.038431420369,56807.795996125511,64232.504869560595,68292.59188083421,49489.210021679537,44124.744787755517,42570.868549567727,36316.778902586535,37525.072702904559,27986.098932082386,0.39566560869125728,0.80921490914380312,
6.0172784668732859,3.9129382177344794,0,0,0.29949692927586757,0.83276821892872133,0.47164110415079213,0.74509247899038655,0.086618669359806444,0.50987464796933235,0.0027730147705498859,0.96240910508025701,26980.343012677484,67933.699388295368,47789.184333664583,64389.057040812462,62451.834375649589,64556.227579181366,50310.449001692105,44618.209825479593,45725.515305644018,39284.105638162517,37382.928868903087,27416.927909603095,0.53545254179403623,0.78153651097302912,
0.82825628893473313,7.77393090341105,0,0,0.35899377052066528,0.65875293559063064,0.14928067388378904,0.29215633323359563,0.63412601188722939,0.98612941632073592,0.0022240246130903738,0.37717375355658045,27106.606999475476,42754.785445890135,47872.276642370802,57277.783737617465,69303.840723666624,64912.105341889335,49586.451084055967,44298.342685890399,42107.231583043758,34006.722172886541,37506.866100560146,27126.948859491604,0.42861832334686217,0.68206885771916137,
0.19949532033392706,10.158738676119773,0,0,0.44571051656098815,0.3070310491711955,0.012816935819996739,0.99489762223464417,0.84149395244859482,0.9632502467391959,0.010467205146106558,0.05663379421495688,28374.218666431312,42886.068326269997,51559.277478316719,68189.277800872747,60649.347090835763,52954.337565876471,50097.307265171701,55460.644678667573,39604.811783072371,35846.329080700481,24717.573757026013,26901.624600031326,0.50382803541845045,0.68066194105014199,
3.8451654065052239,4.6486475912377125,0,0,0.32177335019840614,0.7483600445467784,0.6111398505726694,0.71160752262422056,0.11165119077146593,0.99895419967495902,0.010335981192856383,0.93942978079207939,26029.873661895526,43033.85844767333,47949.008720771053,64207.843774448862,60498.535282374483,67109.813673612851,49645.544192918001,44022.322591657939,46279.043813175682,39280.450743746645,37800.708292454408,27171.028786537554,0.45437822808236683,0.78471856707577181,
1.3516639094881879,6.7776445920370429,0,0,0.36956794214033922,0.60137778541733933,0.39386471955917418,0.67785086245854642,0.40782416833444129,0.9909031561032372,0.0017520340181205614,0.36340860304531492,27356.84160230682,42622.646807886114,47781.426671849709,56973.116307223259,65090.663956230426,68350.355826773826,49482.792943255794,43885.00134504195,43090.432395681375,37139.577729632547,37523.915415326817,27952.960257485269,0.40757811227256729,0.80975557140035881,
0.63998363302888395,8.3683849649039139,0,0,0.31027780248827114,0.75066557661901823,0.23556464205788558,0.20113741791391221,0.70623270535525429,0.99555535900590186,0.00207047176510814,0.41043231562230642,27087.762469985581,42686.593597103987,47892.778409619285,64736.064732018174,68077.956955285976,63421.061884669602,49591.410133125522,44066.683152481841,42289.234075984583,34035.0783895606,37475.879932429336,26582.617911604772,0.47632744361756468,0.60501878420632538,
0.72808829154462318,8.0258223931552859,0,0,0.32070518312999119,0.71384179563301886,0.25874497070634128,0.23934993248804071,0.66451545331243311,0.9933290285622961,0.0023689359898280086,0.42289333457431727,27152.720040369393,42595.397164765447,47816.25053286679,64690.891857605224,68055.50243004314,62642.766736618229,49536.94293597975,44024.544630474949,42132.288640424238,33983.473950289997,37412.275355647951,26857.376640078157,0.46711123013360767,0.61298237746300133,
0.85466684661437176,7.6935467173733096,0,0,0.35899757216524436,0.65470787219670368,0.14812063465935082,0.30403472246693064,0.62657254215059055,0.96218224122349849,0.0022278349975958065,0.37716410175699622,27106.489505518137,42755.337794123137,47872.286077839046,57269.830900412198,69302.853752566007,64597.900322387228,49586.498570483047,44302.011452847706,41903.013387135696,33783.752093563366,37407.577593492337,27126.956211686378,0.42860417584337956,0.68206987614019343,
4.2769420901787578,4.3947525694013718,0,0,0.31871704026592446,0.74626716712347552,0.99651092643422212,0.74991504710069823,0.036277112457519946,0.99895677470318078,0.010193053894877927,0.86598550368682137,26030.758267285324,43034.091603230729,47951.239935750913,63753.8741462662,60508.346872071583,65680.158621043855,49652.287660241658,44011.812488738702,45463.753826900422,39209.889810694789,37858.915975054086,27313.736477304188,0.45363843855728969,0.78564650800437141,
0.17955165855631652,10.409523000092156,0,0,0.43805487334006898,0.31626507178863161,0.0045309676172982363,0.9864077864446934,0.85500528204059811,0.96908806059278729,0.010466682083926286,0.053917267716874884,28374.280089807849,42863.877823198811,51580.851944751688,68006.080869346406,60993.99639534927,52954.18565728415,50086.004765712554,55190.8691319348,42273.546517755502,35639.734830896312,24642.532463405252,26649.076469829157,0.50382803541845045,0.68066192944953163,
0.37568273613774789,9.2581613429278704,0,0,0.45158882786758314,0.27336871829559983,0.45229908836710458,0.082580536267622504,0.73888540953674475,0.99838237571528543,0.011108119556705497,0.082134957019069296,28244.805156445454,42772.117092573273,51012.707165519976,67768.138680085511,60215.839416813302,53157.133230973835,50289.464007881405,55580.969767248833,42038.66342797791,32956.418486221788,24742.722609537312,26918.157584558328,0.51003093161437485,0.67704939035076128,
1.1798152293407789,6.7971763654285162,0,0,0.39488887171490911,0.40210304215945464,0.40959125383491424,0.91789718708230583,0.5814078204218317,0.92245132754945891,0.002822771021304884,0.4190577144160198,27584.484376248329,42911.889321189832,47634.345972710224,57229.021214563822,68418.658965815703,62380.399577413933,49529.862985470347,44292.529758151664,41437.971540420389,34085.723228978859,37744.824361958264,27124.47519115248,0.37927155104440291,0.680499773075249,
0.79996860710666029,7.8988704898412756,0,0,0.35588973063590762,0.69073111484472904,0.14677159084374355,0.20273142170992944,0.64185593306985245,0.999,0.0022398667938797051,0.37861604689266731,27110.439248548049,42754.434387691224,47868.239950114286,57276.69893748725,69303.731845278468,64706.519225300945,49577.388526673516,44320.161756738358,42009.717837618366,34018.94792745731,37543.405215974526,27150.38378206929,0.43617684573097526,0.67376293286163613,
0.089981488393863912,15.222267169560592,0,0,0.34709799723934798,0.56874072898173256,0.67283585591424155,0.17645622385420281,0.9308755811531273,0.98939691610622105,0.0050728707014027373,0.044862708014659365,26116.873815686959,43239.127787394747,48398.216217441732,66694.838960801862,65391.54790213034,65096.989063014742,49685.483680283302,54800.67117463945,43752.405630085952,36836.610797503119,26653.717687414894,26385.714883621717,0.60883612970907808,0.83370336096488451,
0.92959129262917184,7.2486297854714241,0,0,0.37962210552030723,0.52821698592259014,0.34639050602503474,0.33833941794869943,0.60270380732643036,0.98893750530759283,0.0022116110252406807,0.42333740732302283,27373.183497711128,42612.176025984532,47837.131855173306,65422.403684672761,69021.914820183461,64558.444319887421,49543.047371781598,44311.382968104532,42033.13391287069,33910.897565571569,37715.170646757324,27203.745544280486,0.39669038731738354,0.66837373058429173,
0.10999583960964142,13.434399623723777,0,0,0.3870370379695755,0.53890613667385334,0.32504397255881784,0.17060855682975326,0.90011386160263707,0.9792670954999525,0.006238602819452585,0.047731636601670561,26236.65413274445,43424.554416922983,49651.61227095269,67113.63944831249,66003.237562127935,56110.27632661839,49624.593305959323,58056.822063171727,43747.208270827352,31445.341115616575,24933.377149542648,26900.448735036523,0.5628516683140713,0.91860641729077475,
0.70727240788788825,8.1120506166763064,0,0,0.32077924134967456,0.71974183991242713,0.20458439724685912,0.23621362581555827,0.67112057807022563,0.99542324253926595,0.0023595818659549296,0.42334799738667789,27109.033287384576,42664.650745607134,47876.614697019628,64478.667410132635,68134.776087600214,62637.907216297208,49595.503331577056,44051.047842662796,42212.993128584189,34106.842531051509,37457.594863943516,26886.903478391239,0.4708517172428594,0.61799871880402157,
1.3733787511995954,6.7111576523440988,0,0,0.37336770016006371,0.53988426777275378,0.39941037034578863,0.67550972391630282,0.40408095714801012,0.99482422815398874,0.0023736964221713081,0.36847425751883944,27431.23156550456,42725.683408960394,47739.70215426365,56957.988211039039,64932.646878535561,68611.463098646534,49450.263279168226,43868.467013084308,43117.025001313719,37116.519893840225,37564.255143317037,27872.655424654171,0.39864710710658935,0.80926297002521919,
4.0168587867829757,4.5098637540949209,0,0,0.32253833803841259,0.74840636566249163,0.63375453071276666,0.71841250181598781,0.079164701818450381,0.99899125156699708,0.010448164168419755,0.94063824441495392,26010.464138539053,43030.0654556507,47953.274306273626,64208.462264298752,60225.176775901062,67404.176870547744,49650.571418697538,44009.593507085083,45051.01441084101,39361.025191814115,37845.573808255278,27062.064612001705,0.45431646331340486,0.78482088279714923,
2.9272939938855633,6.0399927099400292,0,0,0.35270711540043442,0.31699744009060637,0.54981333733043003,0.72728179074938626,0.086322861553402241,0.99613124884487392,0.0070603445551481719,0.36973976655952684,27545.179547309177,42449.702364957477,47802.012118294522,59778.234402060487,56216.287101461683,61698.93867035475,49584.196095127125,44064.695341015598,44749.615896084906,40527.509268019014,37129.700110374113,27310.796705978883,0.43984588153845683,0.97959687792764705,
4.1180684620237864,4.4782995411787923,0,0,0.31890333884856081,0.74407538954969021,0.8091417127428906,0.71984611472382853,0.064139667980446236,0.9989076100088039,0.010360868189782003,0.93957926993871921,26071.774277007949,43029.986094298081,47940.396376399047,64201.932620529769,60384.423541948003,67025.753270981979,49650.571411112265,44008.958705627163,45855.237231598061,39168.897124455762,37842.87326032429,27192.112915815018,0.45437822448256709,0.78260811030490607,
0.66851352488703908,8.2839345348985987,0,0,0.31286511533441752,0.74948546225914858,0.23196678552972363,0.19587765763798634,0.70625174475763686,0.99083811493485685,0.0023711378116910405,0.43644702119108464,27090.116768516771,42662.126334763525,47891.702879217468,64474.943642732091,68008.576379836755,63249.997804032311,49591.459453129901,43963.746748944919,42289.253150514436,34093.931294365022,37485.680603081841,26788.729082228965,0.47649993378750971,0.60502162340256582,
4.3886537832318115,4.3778200018638147,0,0,0.3185382406270566,0.75316860425137677,0.9854521669834122,0.75322778478922015,0.024670168011904525,0.99882076866819014,0.013482242663734031,0.86213618768252787,26180.244305828859,43034.24462105587,47949.166426193246,63427.015482513947,60274.137886042037,64297.519157010312,49645.444737029546,43990.638301331113,45478.897215466939,39168.650456103525,37865.484337563386,27486.004648776332,0.45366281786361623,0.7859388064713474,
2.9945709100665279,5.9993009404896371,0,0,0.35270711540043442,0.31699743901308058,0.33532136731900264,0.72728191911643758,0.086322861553402241,0.99613130240520353,0.0070603445551481719,0.36973976655952684,27545.179547309177,42449.702364957477,47802.012118294522,59778.234402060487,56216.287101461683,61698.93867035475,49584.196095127125,44064.695341015598,44749.615896084906,40527.509268019014,37129.700110374113,27310.796705978883,0.43984588153845683,0.97959687792764705,
2.7474445749853795,6.0788330022388033,0,0,0.35270713642543849,0.02345765450560899,0.33671717571470861,0.71647728579688108,0.086322848433360272,0.99888600482556378,0.0028570453643577765,0.39175382345601167,27564.56301507337,42390.399181137655,47802.012118294522,60729.503116401727,55924.280651159883,61695.309602403584,49503.470567844466,44064.695341015598,45298.71131548479,40512.220898928928,37129.700110374113,27148.750124926388,0.43984588153845683,0.97959687792764705,
0.64732551785924031,8.3375374334453642,0,0,0.31027780248827114,0.74926749398648296,0.1879857706639417,0.22704667461524872,0.70433768834856747,0.99436399863412694,0.00207047176510814,0.41043231562230642,27087.762469985581,42686.593597103987,47892.778409619285,64462.083941306235,67903.7002613886,63472.697917258818,49591.410133125522,44065.034685417551,42009.73840545112,34035.0783895606,37475.879932429336,26582.617911604772,0.47632744361756468,0.60501878420632538,
0.22982978370408241,9.7474196933503645,0,0,0.43808695537609033,0.20279342737269457,0.12268998985042065,0.98651609821900621,0.80198732192892874,0.96558783486266331,0.010466690020019405,0.0660307112964479,28225.492339846016,42889.674709477607,51582.09770569628,67821.800919583955,62433.999686749732,52978.583508903444,50028.257542298932,55645.223781006433,42520.697595911835,35762.657075315503,24821.238435161122,26661.673024234577,0.4831255967861493,0.67846072432129811,
0.25883395087329109,9.6540078588657021,0,0,0.43851131618944406,0.17723589178925284,0.34685807551533404,0.98660363095942971,0.80253029515567442,0.94144788623285669,0.010466690020019405,0.0660307112964479,28225.492339846016,42875.290984035404,51580.76320713912,67821.800919583955,62434.141901607451,52972.692607632074,50019.693349597248,55525.789515410797,39688.776378318769,35036.931705461102,24749.921309287642,26647.286095953135,0.4831255967861493,0.67846072432129811,
0.61613279168301371,8.5660818906359353,0,0,0.30369605091882312,0.80798868726030659,0.22316561825304262,0.17541104709273461,0.72173216783345273,0.99378950583059023,0.0029853764047945621,0.40830534395874968,27222.878856238647,42727.023559779067,47890.9778980134,63721.293880240832,68308.392189753504,64405.523657808699,49591.413908404,44033.454870581583,41934.037867200219,34094.962098215823,37471.85610181815,26861.589121505644,0.48611552261320956,0.60541335146746966,
4.8838715330767206,4.1451321935837315,0,0,0.31832767142420415,0.72655009435026507,0.94128681478744936,0.75942379667340398,0.0042156080230148713,0.54030781104566006,0.010435475697179262,0.9881588463558002,26030.799999866482,43042.740413044077,47943.352416531932,63229.712077492964,60140.565831334992,64509.606917313256,49641.649046050734,44009.251363571719,45667.900628208372,39122.321925429293,37901.536322662636,27163.966555593994,0.45319186826097085,0.78210483498776029,
0.36871255873370462,9.2742644916635495,0,0,0.45158882786758314,0.27651133563826519,0.46030728880672417,0.078780750714191411,0.74134431971431347,0.999,0.011108119556705497,0.082134957019069296,28244.805156445454,42772.117092573273,51012.707165519976,67768.138680085511,60506.597286840413,53157.133230973835,50289.464007881405,55580.969767248833,42038.66342797791,33190.545327302178,24742.722609537312,26918.157584558328,0.51003093161437485,0.67704939035076128,
4.7257660701273547,4.2150801010429397,0,0,0.31885913159837742,0.73184310435769273,0.71632025625168361,0.75058908832656202,0.01106287853634195,0.6735212260897524,0.013364348833728877,0.97617665172237833,26027.463625881905,43029.536271191493,47846.51519159825,63171.084566290701,60020.521323612113,64415.072983514059,49547.596685663302,44009.514540806464,45556.462055887205,39167.005987832228,37898.599608951394,26951.996050695794,0.45320138366421242,0.78202546624478875,
1.0388780869775722,7.0977613224230449,0,0,0.39401036526703714,0.49084252636643189,0.37244216716649059,0.5215639232935142,0.57630754243519799,0.95408094735655025,0.0022968118791917452,0.42405194780255012,27381.237829559253,42922.333309563473,47699.150070268748,65070.38479105859,67744.31148073294,65039.666042226527,49529.848471069752,44291.728986264447,40973.124447394657,33950.71927100468,37504.668617746822,27122.083301398921,0.38579850143144756,0.68018098192394494,
0.83870026487711757,7.715172062182635,0,0,0.35909376882410166,0.65615391862326167,0.14679319195723933,0.25572341103728935,0.62724555354391887,0.98665384313393212,0.0025830927596842699,0.37720260246155746,27106.827189592066,42754.516687733187,47872.286329100985,57277.726861964948,69318.167787486527,64651.135731921895,49586.451075628262,44298.342685890399,41919.71656683617,33768.246888368369,37403.313623841044,27127.07419063403,0.42861693122217942,0.6822305409640731,
0.81677667267987852,7.8337107430017854,0,0,0.35549335056042614,0.68327866870174803,0.14988474554216602,0.17052536165284118,0.63529780680955972,0.99798453633771511,0.0022994240190133972,0.37602836642671494,27110.643587798178,42757.844153043749,47872.296260320334,57284.151117442256,69367.670399764713,64575.956174510284,49592.652038729153,44298.567006857324,41017.056964006522,33701.240747631848,37381.861904515266,27117.657888299196,0.43499550701378048,0.67484474728183719,
0.1349752073988556,11.935228916621492,0,0,0.38311936134521835,0.42850720058137254,0.21518396521736494,0.999,0.89958889265698128,0.96656266242860878,0.009806799439435545,0.055842589590894665,27440.096650732004,43123.346676134817,49502.212963940467,68565.298902223192,66396.261125424237,61804.458618631928,49663.67259537174,55487.004782280885,40157.358446878236,32392.256900545501,25352.261056807885,25733.203919363023,0.5571733587131098,0.63239880834115414,
1.4422335110504636,6.5025816618076862,0,0,0.37746692907251833,0.43017080914177019,0.37882479620993542,0.64853459696616134,0.39942346031987841,0.95579439883651085,0.0024003559248512944,0.38824685081589383,27428.354466254248,42642.719414978797,47740.134640789147,56915.268124419912,64609.682812950647,68380.58223448132,49487.028300429723,44123.098681194926,43123.270244166364,36280.645670815436,37487.543733087296,28040.413033963188,0.39555069034977625,0.80926847230729093,
3.9439613336054551,4.5668978330652301,0,0,0.32251575856161274,0.74840690208233074,0.64981893537724833,0.72163232934303401,0.090888464694202739,0.99890992999358252,0.010361433560247428,0.91898323684418182,26030.080036206575,43035.29499590167,47936.674589551876,64202.790919078929,60504.8428845546,67600.338782584615,49650.571393924118,44022.024205973939,45091.420488613148,39353.151186780691,37798.688813112014,27070.67415266034,0.45437827247777018,0.7846869166803222,
4.7398371194861291,4.2096141536776521,0,0,0.31883344562520022,0.73233355366563646,0.75085887547113439,0.75068401019023989,0.011027225610174577,0.65857558904773372,0.013364348714813021,0.97546560735264187,26027.463625881905,43042.359679813206,47846.514897224755,63134.238554157448,60232.511221368615,64414.554845423059,49547.601757087759,44009.514546387807,45551.403402263059,39163.49055506484,37898.602711770094,26956.543651728549,0.45320138440700269,0.78202546663671024,
1.5202619196193707,6.3855212117027191,0,0,0.37711680292853084,0.43837722317627098,0.51558930460597929,0.69728657018342022,0.39948712699412015,0.88825171455154872,0.0024794932136354454,0.39260341835154189,27357.159974660306,42639.163896135913,47680.038431420369,56847.576316612154,64337.714436176517,68292.591515710854,49485.373584745088,44123.176424931582,42570.830949298928,36316.784127219413,37525.193863671913,28041.654009690428,0.39566574848707731,0.80926905247001102,
0.84577937566693695,7.7038346578030241,0,0,0.35899757216524436,0.65471009828955062,0.16527507487504628,0.2791956560076056,0.62675688814459274,0.97567936741271744,0.0025830881727929586,0.37716335619769148,27106.491972414839,42754.473504020003,47872.286077839046,57269.799487489334,69302.853752566007,64597.670610426831,49586.498570483047,44302.011452847706,41903.013387135696,33783.781864816512,37407.60435357019,27126.956756441985,0.42860417584337956,0.68208461065088211,
4.5327037706479656,4.3122860399276286,0,0,0.31874584280672724,0.7217692360494915,0.99193850811778994,0.71568947176418485,0.01664381257436327,0.97154485868936591,0.012981070433409722,0.93189256203986992,26186.058558874603,43113.835364086866,47949.165104029271,64195.785333634565,57793.084390338066,64336.95220846821,49650.693663251717,44112.299208555305,45364.336466473025,39241.772529885209,37866.132312815709,27544.504576017731,0.45444757892111126,0.78200818636337321,
3.0146983168056436,5.9898533774758977,0,0,0.35270711540043442,0.3169974389340629,0.3122973876032813,0.72728191907535866,0.086322861553402241,0.99613130430900798,0.0070603445551481719,0.36973976655952684,27545.179547309177,42449.702364957477,47802.012118294522,59778.234402060487,56216.287101461683,61698.93867035475,49584.196095127125,44064.695341015598,44749.615896084906,40527.509268019014,37129.700110374113,27310.796705978883,0.43984588153845683,0.97959687792764705,
0.65996159369416008,8.3129395592794673,0,0,0.31286512410790379,0.74957012144662782,0.2319514312283627,0.19599385656001253,0.70625174531778379,0.99796538727367423,0.0023711378116910405,0.43093299344982855,27090.116768516771,42662.126334763183,47891.7028793684,64494.596305910956,68008.576410761249,63249.094026126746,49590.533086850664,43963.734800326281,42289.253142135865,34093.931295355658,37485.680603289598,26788.729081640948,0.47649993399522422,0.60502159048026782,
0.38985028111405412,9.2338826931183533,0,0,0.45132660633751515,0.27186378293178598,0.45184092820956406,0.12167546844405017,0.73261702807907447,0.99874674465119218,0.011148043966914429,0.080942126035381007,28244.959863349206,42803.987162639845,50984.568980568416,67836.273008261167,59618.195167271231,53151.406887349134,50279.017540804205,55581.22436735512,41806.86137779706,32620.790827245241,24742.72648489166,26918.712618041456,0.50998089517638556,0.67700018993692057,
2.9163900693722034,6.0482432098005141,0,0,0.35270711540043442,0.31699744009060637,0.65829444285531913,0.72728179074938626,0.086322861553402241,0.99613124818388621,0.0070603445551481719,0.36973976655952684,27545.179547309177,42449.702364957477,47802.012118294522,59778.234402060487,56216.287101461683,61698.93867035475,49584.196095127125,44064.695341015598,44749.615896084906,40527.509268019014,37129.700110374113,27310.796705978883,0.43984588153845683,0.97959687792764705,
0.73862397237459387,7.9841607460834654,0,0,0.32070500456911682,0.71384049532971083,0.24934458679661722,0.23690362271969875,0.66482337283590032,0.99007744770328698,0.0022222243008047484,0.43367512574971134,27152.7206385967,42671.092784514949,47816.244209170756,64690.871128865831,67995.734562446232,62589.070911545321,49536.966752648812,44024.540327310599,42194.575433642109,33988.336150096431,37411.755357979571,26878.919698654609,0.46716507738974572,0.61298237746300133,
1.4151967690060769,6.6780727784725604,0,0,0.37363964732790156,0.5114912524907782,0.36385490383879632,0.66304772807552459,0.40001777807620642,0.9956628161805362,0.0018715065062369549,0.3763452821338516,27429.59735223544,42653.146430057663,47734.589888625684,56904.624073991472,64948.563006803655,68557.905509387347,49456.171792483612,43827.871258803461,42982.233280156564,37104.598059894844,37587.120565689896,28076.637415343059,0.39643776111547591,0.80508851408046966,
0.62901637173364677,8.4428871496098576,0,0,0.31027386807406204,0.75188019111589921,0.27487010550589069,0.19588934293061572,0.71154368438110294,0.99370399796792863,0.0020902722308946842,0.40424414103367462,27087.741779203363,42681.611407387252,47892.243802341654,64748.645875480528,68084.284003953362,63440.602173010426,49591.453061097993,43999.515565457201,42296.570526727635,34135.113956422967,37475.397213586861,26517.685044577825,0.47633082286528117,0.60501407163477616,
0.68921280809541285,8.2043119253563734,0,0,0.30975701938587169,0.74808547267312009,0.23075896275424118,0.18973198076380293,0.6958386895446308,0.99461176941488216,0.0023860558092061012,0.43970237980304894,27153.182343955792,42663.136516183593,47877.923763258601,64444.861356773195,68018.962040884886,63248.953387896479,49578.011246185,43958.308637166563,42297.288385238069,34100.706883348459,37456.938598681314,26785.0878568437,0.47650259431720826,0.60501638243104938,
0.59747881999325236,8.7164585976017186,0,0,0.2933353086038753,0.82072036742290977,0.3366657686634027,0.15685801178963066,0.73664145823830285,0.98203623491905834,0.0022255588366827837,0.40928965386661781,27290.975466078729,42709.654360389541,47895.988982037692,64203.719077523114,68592.230720165011,63871.995566199796,49610.633775705959,44011.426287275186,41055.706533824065,34042.471069494597,37544.022378628062,26856.986310053515,0.49487512122372795,0.59114452468777967,
5.0645434136071232,4.0977703706002293,0,0,0.31832748543044626,0.73459823425011672,0.92876827663232542,0.80816224173658191,0.012369647139574854,0.42799412329000736,0.013427090685824421,0.97458456463786103,26069.06723258167,43045.807810293234,47846.460072907132,64173.221447127515,59901.766405981791,64413.598582793107,49548.573578919655,44009.405109035164,45583.633751796238,39172.589068613277,37898.632400014176,27136.210686701761,0.45359058044830308,0.78144597650544556,
0.56966522357245297,8.9042052207117184,0,0,0.28186028937284574,0.83183607936762505,0.10162436206141123,0.19708728906700557,0.74667510969521311,0.98873201496194396,0.0027152199397405983,0.39627230728307561,27221.724052659283,42746.28798057713,47927.402224916812,63680.766470337228,68503.079774150741,64427.141362131872,49635.802913407439,44000.915524863878,42447.438888141209,34033.859626388614,37584.659846137758,26856.099361383844,0.49999435779161472,0.59036329852508629,
4.9531454899470786,4.1173358980427341,0,0,0.31833353798978725,0.72374896746068051,0.89640228463463356,0.79473057455796059,0.0038046616193332106,0.54708063817282138,0.013178625044610917,0.97558935453678464,26010.889012932301,43039.340567502761,47821.055278470594,63497.081667475424,59469.102596373792,64503.810791983917,49545.652124321336,44020.600593243165,45912.187594585586,39173.879961258048,37891.986084481287,26967.558964667274,0.45324976189989763,0.7814153928486951,
1.4729175923035933,6.4477700157129991,0,0,0.37746692907251833,0.43017153468157182,0.37996137878469077,0.69931478301028527,0.39940410388827657,0.92085612718338528,0.0024002255515421867,0.38884900659454835,27428.451448104744,42876.86976789192,47740.134640789147,57114.123720205906,65041.082260917945,68404.978006239515,49488.233520401816,44124.623480314876,42901.791229094786,36304.008435942749,37487.56247977059,28041.422229154479,0.39566756609326503,0.80926847230729093,
3.1877529214446758,5.7125668003515369,0,0,0.33636909310713747,0.86935136715424044,0.54960459015718766,0.71859989911814315,0.24324402251950744,0.99774105767876409,0.0070201152176643062,0.7179864746171396,26881.062381744436,42726.666864822597,47975.647340260526,63673.496704254132,59499.081363769328,64792.249886477191,49740.813477161078,44079.844408766454,43643.808983425333,40318.129987953165,37462.417521846881,27437.901385693789,0.46803635776648406,0.80028773269248565,
3.7628485672281444,4.6838873517053266,0,0,0.32218415092699526,0.74857250409513632,0.98603714199611447,0.71381016050741164,0.1172023750344576,0.99893572170954714,0.010304073701213348,0.87345443190513106,26031.361024551254,43033.745165910121,47953.284739544659,64194.099058242333,60455.275469780965,67232.187971888387,49650.571417482468,44009.523384381922,45996.192925580173,39321.278043270526,37803.970922983433,27167.140309963019,0.45403831515652349,0.7847418698111458,
0.96674841665283362,7.236379477950444,0,0,0.38097386714722353,0.53053152061816977,0.28746803683151173,0.58328701296408825,0.60269018589288281,0.96838759681801012,0.0017540841425452928,0.42092333938042825,27369.389513900947,42874.458579864695,47654.577329696811,64857.55944133181,69017.132129437567,64532.305595759302,49543.00824149121,44309.07202642475,42579.932237239795,33976.050968522693,37724.292276571505,27241.576643394361,0.39669038731738354,0.66837373031177838,
2.9040186123912544,6.0631978995086913,0,0,0.35270711540043442,0.31699743898979227,0.96831778998006679,0.72723801630032114,0.086322861553402241,0.99613125131916658,0.0070603445551481719,0.36973976655952684,27545.179547309177,42449.702364957477,47802.012118294522,59778.234402060487,56216.287101461683,61698.93867035475,49584.196095127125,44064.695341015598,44749.615896084906,40527.509268019014,37129.700110374113,27310.796705978883,0.43984588153845683,0.97959687792764705,
1.4954610170156495,6.4031288675895306,0,0,0.37441102985431296,0.44644666793928534,0.50861618149830412,0.68668318161621433,0.40792369770399545,0.88789263450532574,0.0024804134784077408,0.39360241156038883,27430.420649913867,42636.677993941441,47741.043045360006,56969.839547726449,64343.726625889321,68399.749700303422,49488.569599658505,44124.744787755517,43082.855429748175,36302.485820603673,37524.584857163085,28041.956667329156,0.395668649207359,0.80967309653743347,
3.6263456877081013,5.005230013796794,0,0,0.33266668254355697,0.83799696116474098,0.24624350364991004,0.71689996966463165,0.1515002910254149,0.999,0.0044518051884383254,0.88425752384710532,26947.143869040799,42662.978321419432,47838.55979825095,62861.979454896551,67418.149975354536,62729.048341983507,49573.181006027669,44050.469191472854,45407.875670453737,38992.239942791697,37504.287239381149,27151.490501558845,0.46514924998523255,0.79677669231819215,
0.31681374703026782,9.5069582607857477,0,0,0.43851131618944406,0.33436459455540579,0.38335847712987975,0.98651629655787454,0.80251682172896455,0.89407627494948627,0.010466690020019405,0.0660307112964479,28225.492339846016,42874.632486923234,51580.76320713912,67821.800919583955,62434.141746544585,52972.692607632074,50019.693349597248,55525.789515410797,39532.915562672031,31221.643755600395,24469.931957365483,26647.295990039896,0.4831255967861493,0.67846072432129811,
4.4127371877048533,4.3495295255230433,0,0,0.3185382406270566,0.7532979088556262,0.97424643423996082,0.73742037849721676,0.024670168011904525,0.99889361869527782,0.01377313539911924,0.88970276996060593,26103.600811078941,43058.46372944137,47939.308794871125,63628.138708414306,60178.627501588693,64299.902878441862,49645.178481463656,43990.638301331113,45459.534305076631,39168.764606194512,37882.66210550144,27485.514011962408,0.45366281786361623,0.78573321526131423,
0.16991128387827389,10.662921592011658,0,0,0.43889377799870255,0.36806101302454741,0.016083529713815901,0.999,0.86320680645774772,0.9677276686496864,0.010466890965479076,0.057981234366302668,28207.667731781181,43638.587220774403,50816.732318791983,67824.302490033195,60003.729623104613,58265.360196494585,49956.137346997653,55640.757901044817,41508.359411379177,34243.967509375107,24654.523106792367,26493.358414425365,0.50995683677859605,0.67851780329112676,
1.1665078955961377,6.8180453265712311,0,0,0.39488887528024247,0.40211931974696113,0.41020940235462938,0.91471394051811905,0.58688748637748733,0.92245132754945891,0.002822771021304884,0.41903170947176921,27572.942023641419,42911.888887571702,47639.519128499793,57228.988397036861,68406.265605506895,62380.434598647669,49530.474934518214,44291.522595720955,41437.9715405635,34145.654187608663,37745.067768023662,27124.513299616341,0.37926006520024202,0.680499773075249,
5.6752001669617238,3.9839232422005488,0,0,0.31837577533009503,0.72281804283433548,0.94088062484866863,0.8381684556582869,0.0042215074802838771,0.15537818432047298,0.013177149574039808,0.98505304280798311,26066.809563689378,43021.056151359466,47820.960090214983,63719.643315432855,57922.637500824632,64512.662747004375,49538.067570519212,44009.253743737398,45513.592818836587,39172.049482783521,37902.96251189959,27133.976439525592,0.45325894689372054,0.78195353745658869,
6.05622760392788,3.8755520978653468,0,0,0.29947173168859248,0.8197816628500797,0.48276283254172292,0.74737473138684218,0.079165160095802989,0.50987481951026481,0.0050551026272262923,0.96137534235067701,26980.343012724883,68071.10034968218,47773.981271728044,64233.034715064343,62410.238342483353,64561.124308836537,50260.403837290432,44507.360253154773,45830.88550121132,39287.405706117745,37358.985949830254,27430.821441949534,0.535463321914176,0.78214207921586154,
6.0371624241752642,3.8956445227726588,0,0,0.29950151494422517,0.82035586427534946,0.52537627984062296,0.74716313575351678,0.083535174459918302,0.50987461051810512,0.0047769222536806688,0.96135698337290243,26980.343012727582,68067.60813225522,47789.915599484346,64256.004222092793,62413.161423974714,64555.001483605214,50260.383792441804,44494.001751930387,45830.936148053908,39287.415173922804,37358.987380418992,27427.388661431389,0.53546209366505981,0.78212824884153354,
4.0779657980872335,4.4859487864397538,0,0,0.32177335520060985,0.74845263605677825,0.63385758529172187,0.68466370073767091,0.073801335853369565,0.99899608418723251,0.010731049461716224,0.97753919921778376,26010.472405006014,43030.027706661946,47953.317834905742,64194.779297593741,59377.626422828747,67177.046482360005,49650.57141879313,44011.166997342945,45981.761923059064,39166.72839049028,37842.43540784662,26976.157221287569,0.45437822450289961,0.78482081270660697,
1.5314639774314784,6.3718821735729962,0,0,0.37707527504012789,0.43790555120603258,0.52367066442749244,0.69960711247324225,0.39407735720593812,0.88848100988354417,0.0024804134784077408,0.39266902013063953,27373.319766056695,42848.768048129416,47680.041085704222,56855.229052636816,64362.477105253718,68339.697439988769,49489.258070161566,44124.744787755517,42570.868549567727,36338.848504916263,37533.676715479625,27975.868593788524,0.39566560869125728,0.81243441590900123,
0.14998973937447263,11.324177991801706,0,0,0.42035906367393383,0.42321193431808457,0.15014472547619248,0.17996194803690582,0.89533090543288985,0.99880652315630725,0.0089608601226643849,0.073322684795670834,28013.778743899144,43555.240410190367,50746.855286134094,68114.929778514881,60058.351012077961,60243.393864017999,49782.571928694902,55117.630639786512,41394.716348958136,31546.179466032467,24709.038065758075,26547.783344451753,0.53793764686280332,0.63130925649551417,
0.15983838673658221,11.14261884625838,0,0,0.41189644834785105,0.38267115113643724,0.31443701441386646,0.08226501645549783,0.88752697885095311,0.998933894343073,0.0089683592476852026,0.075626906023276083,28005.790470352538,43574.266095371648,50708.960952116679,68150.859092066734,60311.510954980855,60475.009655738715,49806.2383540257,55524.492627613836,39511.808246114146,33883.755682491174,24582.176605087745,26422.936906096744,0.53173466378498235,0.61781145684272964,
5.9293867769623976,3.9349443552463179,0,0,0.31837883272340528,0.72395467252796664,0.93985412061094642,0.86441415955283152,0.0042353783584753142,0.16214828476709042,0.013180379710092843,0.98530196995662822,26016.220429676046,43040.113206415997,47820.573866937593,63504.518740534302,59020.167862537121,64507.403446000637,49543.713347425386,44009.394719815886,45654.513179770176,39162.824622311178,37892.256854379397,27190.19041009526,0.45360835595321108,0.78191728498435409,
4.7957424483966653,4.1596729676707254,0,0,0.3188328134173426,0.72685055098207207,0.8931368037590357,0.76396330432991622,0.009180579990578662,0.57965299821567096,0.010384467709216553,0.98706551093728268,26028.807696547956,43041.178326098008,47940.909627222274,63183.925334079904,59335.040555156076,65056.253035687201,49637.266304541539,44009.155835368176,45671.876504232343,39173.269493290842,37901.530460423834,27150.130015576087,0.45315221812094247,0.78202706582698733,
1.0182570001558702,7.1213125113455638,0,0,0.39514917212503398,0.48393106289104104,0.37749246574352557,0.5206252436567157,0.57630754243519799,0.95268678528840589,0.0022968118791917452,0.41049126359435995,27381.237829559253,42910.474319758869,47702.857146196046,65517.138146006066,67948.779644119539,64561.782216546315,49593.046755256961,44291.602782136943,41554.202143034709,33834.116741013866,37740.127665616368,27125.903416569228,0.38579850143144756,0.67995061043072436,
0.33947249678365027,9.4275105873129093,0,0,0.4515883472088224,0.27349315916887229,0.76211101829474492,0.071529410947096764,0.7509255663127079,0.99747786896395574,0.010493388077553595,0.082126952362548356,28244.805176727095,42772.10268859801,51012.707172811482,67768.139904614625,60507.269280182147,53157.133296880937,50289.401867508852,55580.970914934209,42003.57550268773,33438.470412418588,24734.272403099025,26918.777882352526,0.51003125356123324,0.66139246176724931,
0.23960973769918431,9.6938493602412272,0,0,0.4380853064997966,0.19045021823082611,0.34914317715078202,0.98651610181554716,0.80007820839300381,0.94142031685073413,0.010466690104889896,0.0660307112964479,28210.023467438918,42876.198805161337,51582.11749900764,67821.800919583955,62422.151542440741,52972.692607632074,50019.693349597248,55525.836808197986,42379.825213757686,35597.496938296477,24772.613950473969,26647.723846333094,0.4831255967861493,0.67846072432129811,
5.9091991908506341,3.9468807087612943,0,0,0.31837883272340528,0.72395467252796664,0.93090740794174076,0.86441415955283152,0.0042353783584753142,0.16214828476709042,0.013180379710092843,0.98008111430124412,26016.220429676046,43040.113206415997,47820.573866937593,63504.518740534302,58933.55160412252,64507.403446000637,49543.713347425386,44009.394719815886,45654.513179770176,39162.824622311178,37892.256854379397,27190.19041009526,0.45360835595321108,0.78191728498435409,
0.74632239531469946,7.9642370493904462,0,0,0.32070500456911682,0.71370948683121693,0.24895787755352397,0.2514977209191997,0.66482337283590032,0.9779916795494481,0.0022392328910620964,0.43364625291023939,27152.720623735426,42598.972839391754,47816.512350804827,64690.871128865831,67992.714047825662,62591.980739535065,49536.966752648812,44024.560473238482,42194.575433642109,33988.336150096431,37454.429551821668,26852.706754674589,0.46716507738974572,0.61298237746300133,
5.0057346169985584,4.1085100010847722,0,0,0.3183600189343252,0.73227755907632219,0.98256214787298668,0.80686269461079319,0.011134585673864925,0.46139895287594079,0.0094024101092769832,0.97288636488556246,26081.06606910604,43045.46745692788,47934.245918836641,64142.024829896865,56850.557283174145,64490.162622244905,49633.601439030979,44009.122134408135,45853.77014294426,39162.854627819012,37900.876745544832,27134.672896864558,0.45365053734031452,0.78142937222116537,
0.46358286594069087,9.1038589206482587,0,0,0.45134890293231089,0.26120041923695864,0.63331212878513898,0.16044543703073763,0.70827146711700961,0.97339097415282572,0.010461214442343188,0.083034430980111276,28245.15905653351,42775.369938503944,50984.499990540106,67807.658238713528,59571.196209676156,52973.62757315184,50113.486400674192,55573.493085032635,41507.081835321347,31884.348372823406,24790.548069100518,26918.719663432057,0.50904418951039709,0.67805263812527783,
1.3861006639783198,6.6814680367136789,0,0,0.37329622847902288,0.53605820719952602,0.41953002184222687,0.67784667547392818,0.39795787171203595,0.99887605303290217,0.0023736964221713081,0.36847425751883944,27431.23156550456,42724.924582752923,47739.70215426365,56957.988211039039,64956.606537020554,68725.397177100909,49461.836938295302,43868.467013084308,43172.462819031549,37092.114380092615,37618.028266559806,27872.530340477133,0.39864710710658935,0.80926297002521919,
1.460820552820232,6.4630272360337671,0,0,0.37746692907251833,0.4300433807876462,0.37996137878469077,0.69912791626437742,0.39940410388827657,0.93007521506423951,0.0023705743865206287,0.38884966747133282,27428.451448104744,42876.86976789192,47740.134640789147,56915.346733786777,65345.341157151001,68402.256500580639,49488.233520401816,44124.698541953287,43107.058652457796,36304.008435942749,37489.577985196447,28041.422229154479,0.39566866312915666,0.80926847230729093,
4.3964482237212952,4.3555881875148206,0,0,0.3185382406270566,0.75486182864985008,0.97424643423996082,0.73742037849721676,0.02584142110097255,0.99889361869527782,0.01377313539911924,0.88970276996060593,26103.600811078941,43058.46372944137,47939.308794871125,63628.138708414306,60162.557137569311,64299.902878441862,49645.178481463656,43990.638301331113,45459.534305076631,39168.764606194512,37882.66210550144,27485.514011962408,0.45366281786361623,0.78573321526131423,
3.9790046684276961,4.5328362117222856,0,0,0.32177319020202977,0.74842809989310854,0.62029653889117387,0.7191869918629531,0.085210370698349719,0.99899605325018603,0.010447896627358991,0.93602929785211675,26010.434447966265,43030.029312736253,47953.284710983928,64209.053507734374,60204.837871557807,67115.328035892802,49650.571417507839,44009.220289278623,45848.050798558383,39223.469732651851,37803.470149481531,27094.34091683121,0.45402115048096264,0.7848206581260817,
5.6826380621979755,3.9783238490654811,0,0,0.31837577533009503,0.72294703845077135,0.93953118038645167,0.83578791983612577,0.0042030273234165208,0.15360066923712135,0.013177149663338321,0.99420546430207879,26066.809563689378,43021.056151359466,47820.960090214983,63719.643315432855,57922.637500824632,64512.532842154331,49522.993415321391,44009.253743737398,45506.033437045437,39172.049482783521,37902.96251189959,27133.976439525592,0.45325894689372054,0.78195354073099954,
3.0220970709748545,5.7628479940522697,0,0,0.33636758562706953,0.86981857549379804,0.326350206730736,0.7157242894692657,0.26581514175687765,0.9944777721041882,0.010766371547190092,0.7178742772375406,26881.062381744436,42726.711238321441,47975.783971436067,59018.082223763478,60325.760450748276,64466.987504610923,49754.8015593085,44079.391648118093,46022.792094650038,39194.086691076147,37545.10324508624,27246.436827114885,0.46803635776648406,0.80028719782997437,
4.4930762852660084,4.3243928332664847,0,0,0.318545160465317,0.75053678237814869,0.99488433802852971,0.73742037849721676,0.024670168011904525,0.9142356577639551,0.01377313539911924,0.89652034854970886,26065.603145415607,43058.320174217493,47948.950219327242,63612.316756996603,60068.921025322401,64337.581230458607,49645.177954523111,44009.451416079304,45312.961672436672,39173.335923948842,37882.66210550144,27486.503117589891,0.45366281786361623,0.78573321526131423,
4.2156354724195344,4.4329954291879501,0,0,0.31871696928726101,0.74587710748215275,0.99049786836114817,0.7482262213520664,0.042863553837902961,0.99895457252422326,0.010216167990582581,0.86117002500271655,26030.757777564253,43043.761868054273,47948.985058185084,63998.265497371933,60508.346872071583,65765.598429819715,49645.418662394026,44011.852788385848,45465.217194036653,39209.889810694789,37854.780581260049,27312.263575370951,0.45363846549755571,0.78557973027336137,
5.2518950241649272,4.0625491664212285,0,0,0.31836110529500478,0.72689993463373825,0.88524598844913904,0.83387141172397516,0.0068698547395835002,0.34366051725779206,0.010419630580509077,0.97541692173878325,26028.474320406975,43040.747222005455,47942.926586465539,63266.641679124303,59660.070287023918,65123.5128794919,49639.053744170109,44009.367638635013,45680.850513595622,39173.872692281744,37900.872433745171,27236.291360255862,0.45435935205732675,0.78144635866455958,
6.2350943400809635,3.7470267313184071,0,0,0.29863924673106584,0.45831367951475871,0.82543162406024451,0.7454411281301736,0.085080078380534441,0.5098746113790168,0.010574069773213488,0.9624105206879352,26980.343012677618,68405.081064020138,47789.937758275526,64395.566142146607,63776.686887298019,64560.888487138291,50346.216465607569,44599.168793748286,45500.348492748883,39287.37230828988,37381.066708537379,27460.342791997475,0.5354524880985182,0.78210398076889753,
0.27948554670132475,9.5607714081684172,0,0,0.43851131618944406,0.3343643536815078,0.32762318823789283,0.9865170259869358,0.80251529745290728,0.93994885532355177,0.010466690020019405,0.066169847420622901,28225.492339846016,42874.676256963496,51580.76320713912,67821.800919583955,62434.141271374407,52972.692607632074,50019.693349597248,55525.836291059408,39302.584074522005,31141.734643277836,24334.853949679098,26647.711977093437,0.4831255967861493,0.67846072432129811,
1.119718222121395,6.9746713523318649,0,0,0.39488888597731403,0.40399663909920414,0.41023422686438565,0.85629389905819997,0.58793353921764702,0.95638923901724382,0.0028227655219064023,0.40607148970937634,27581.604974361344,42911.888887195542,47638.89400454612,57228.987357987178,68405.812055635775,61292.091053448952,49529.898688828558,44291.495525795275,41437.952973660933,34144.501707679134,37715.047127456106,27146.539135076706,0.37926015519165962,0.68049985309974415,
0.35941606503128443,9.313042192330073,0,0,0.45133575674680276,0.27332330857814124,0.44635325072929499,0.072264245976744093,0.74715733420441999,0.99492869619697533,0.010466681525977052,0.082127137484087898,28244.971646674556,42766.749187459216,51012.703212983055,67787.973447648823,60402.913875114893,53158.400936710197,50283.330008656696,55525.833554672397,41848.926867473725,33064.390597673329,24742.676478726418,26918.113423979314,0.51002758705540174,0.67655256089123328,
3.8953848628797885,4.6040511738480054,0,0,0.32177319272199523,0.74842899331918511,0.65083845393262763,0.71563556594207356,0.10153015271455852,0.99899195961952714,0.010447810658331176,0.93604910075588099,26010.434447966265,43030.029847765079,47953.273472821995,64194.516904963857,60431.215285091435,67222.521446377898,49650.571417957697,44009.846726448937,46288.411168939718,39223.469732651851,37803.470149481531,27171.65307767324,0.45401993246881867,0.7848206581260817,
5.598715394841256,4.0069912679836275,0,0,0.31835919373906851,0.72876316730113777,0.90364679713329454,0.83574400494641043,0.0047974440042380384,0.18783911753965316,0.013177158594169703,0.98543927605739778,26027.735207890815,43021.056151359466,47820.960373267597,63719.643315432855,59728.036793874817,64507.358876469953,49522.93545557958,44009.178878951541,45676.018779080332,39126.459606609133,37902.892077609271,27134.082560687999,0.45325894118250537,0.78195152669621748,
2.9570982227709077,6.0199975907361427,0,0,0.35270711540043442,0.31699744008811548,0.40936044462515825,0.72728190167827822,0.086322861553402241,0.9961313005030481,0.0070603445551481719,0.36973976655952684,27545.179547309177,42449.702364957477,47802.012118294522,59778.234402060487,56216.287101461683,61698.93867035475,49584.196095127125,44064.695341015598,44749.615896084906,40527.509268019014,37129.700110374113,27310.796705978883,0.43984588153845683,0.97959687792764705,
5.8367026458424425,3.954371472200906,0,0,0.31837578436770597,0.72724861634735027,0.99466027583732741,0.8627624079336722,0.0081756307703044831,0.17763260628266317,0.013365938298449405,0.98525317987190753,26069.202920726391,43021.056151359466,47820.95810481839,63712.311733645103,59427.848918795775,64512.662747004375,49538.13548735682,44016.585872736578,45478.03147805301,39173.274495686579,37902.951920512918,27134.43438798104,0.45326065540885502,0.78134186532144823,
3.9517142476045759,4.5542443749259522,0,0,0.3217557789395501,0.74840690376413987,0.59804671263220099,0.71974012552358679,0.090888464694202739,0.99893539198522308,0.010361431454673315,0.94063824441495392,26010.321788229903,43029.801816993415,47953.711012690255,64207.9470721584,60086.943441001102,67636.82568557412,49650.571462739797,44022.024237414058,45926.001428316609,39218.221314101022,37801.476227184809,27094.629356340651,0.45437822185483018,0.78482065950146729,
1.7787886599394303,6.2713048351384124,0,0,0.37390349137961676,0.14623061449249056,0.59393484457417733,0.64262629716369002,0.32178206181417079,0.99687663189749898,0.0039030644776078265,0.43458967791184966,27425.706887251159,42560.908041413211,47701.406350247969,59256.812548537011,64266.011591365328,68103.038080234386,49423.978293386092,43887.403372284796,42988.230000161617,37004.567483992912,37902.646023198882,27432.434771461049,0.39383775112182506,0.81294291271999508,
2.9450503825730143,6.0276590757114539,0,0,0.35270711540043442,0.31699744007986297,0.45096497649555756,0.72728189953035005,0.086322861553402241,0.99613128969124409,0.0070603445551481719,0.36973976655952684,27545.179547309177,42449.702364957477,47802.012118294522,59778.234402060487,56216.287101461683,61698.93867035475,49584.196095127125,44064.695341015598,44749.615896084906,40527.509268019014,37129.700110374113,27310.796705978883,0.43984588153845683,0.97959687792764705,
4.7466215940996905,4.1842112705473165,0,0,0.3188328134173426,0.72685055098207207,0.71068258666592843,0.7629309564069684,0.011294782260125443,0.59780557092437647,0.010384467746690121,0.98708135507850514,26028.815233084049,43045.831870646951,47940.911419961143,63183.925334079904,59872.801154028115,65426.212442422569,49637.266304541539,44015.965978893677,45849.025602598449,39163.366860658352,37901.530460423834,27148.503182972159,0.45320050976672044,0.78202706112165976,
0.60987944181608555,8.6579467631565787,0,0,0.29369021816951446,0.81916007017161707,0.29733393975820716,0.20571988796459506,0.72974653335072714,0.98203623491905834,0.0020861230594307906,0.40928965386661781,27290.779473972852,42664.006427712484,47891.710545553236,63659.370901971677,68389.383434619667,63850.379091406096,49611.669818741102,44025.1473806254,41101.305077468118,33925.893805098938,37473.123986519786,26850.966347888338,0.49606189245798671,0.59114452468777967,
0.39926182969498514,9.2096607961899366,0,0,0.45136275908420254,0.26085344359228702,0.18449327241021263,0.088592305632213209,0.73273170180100988,0.99742707018275345,0.010467595677972527,0.082109445325734165,28244.965875088379,42766.775361462183,51008.393377037108,67813.449429602289,57372.598435600194,52971.322637722435,50117.342381851413,55579.175712926357,41843.155435890854,32271.658054377338,24746.330010618778,26918.793750288936,0.50904418919841854,0.67692817457860088,
4.6824498634221143,4.2285578058485465,0,0,0.3188328134173426,0.72722738912721585,0.68325270093248069,0.7629309564069684,0.011366805395005803,0.66650028381500037,0.010384913782993936,0.95428274937283308,26028.830379770432,43045.831870646951,47940.860705371117,63183.925334079904,59324.378461800799,65056.237950931747,49637.266304541539,44009.158294992369,45849.025602598449,39163.366860658352,37901.596511014264,27148.531878478687,0.45325748370274122,0.78202694239508852,
1.1386363580356202,6.8974704032836689,0,0,0.39488870110396568,0.40840622021044848,0.40960370634442783,0.8802764966281309,0.58688746931037572,0.94372920055145604,0.0028238844816157187,0.41279112668004608,27584.486686165721,42939.893890456508,47636.377602963097,57228.935489839663,68237.317616653163,61872.036603061693,49553.329463295493,44290.026141300354,41437.9785101245,34113.215348826103,37715.149022766818,27125.021796117933,0.37916495424995883,0.6804997342173259,
1.058387213909902,7.0898040885047102,0,0,0.39401036526703714,0.49084252636643189,0.37244216716649059,0.5215639232935142,0.57630754243519799,0.95408094735655025,0.0022968118791917452,0.42405194780255012,27381.237829559253,42922.333309563473,47699.150070268748,65070.38479105859,67744.31148073294,65039.666042226527,49529.848471069752,44291.728986264447,38702.315451483082,33950.71927100468,37504.668617746822,27122.083301398921,0.38579850143144756,0.68018098192394494,
0.47387025910971714,9.0962998978314946,0,0,0.45134890293231089,0.26120041923695864,0.66702898506168951,0.16044543703073763,0.70827146711700961,0.96122210719953805,0.010461214442343188,0.083034430980111276,28245.16147310314,42775.371319104968,50984.42611822224,67807.658238713528,59571.107048490601,52973.62757315184,50113.466060420695,55573.493085032635,41362.802360704591,31884.348372823406,24790.548069100518,26918.719347455197,0.50904418951039709,0.67805263812527783,
0.54992009080580728,9.0167940888243088,0,0,0.28186028937284574,0.831836057376935,0.025497266200386781,0.19950388163107072,0.74667510969521311,0.99893220455863596,0.0027152199397405983,0.37834848209332045,27221.724052659283,42739.143855648552,47927.45873381335,64088.586273190464,68503.079774150741,64429.357710661883,49660.500512180733,44046.873180941788,41784.839426351733,34038.729500452828,37584.659846137758,26868.799406680089,0.49999435779161472,0.59036329852508629,
0.58971982524899591,8.774332287715163,0,0,0.29267843387240278,0.82486004081691144,0.33262982576657785,0.12987719922859156,0.73664181637466675,0.99713093764151695,0.0029854422745503825,0.40920987006318765,27290.754699539611,42741.11633313194,47892.455860062451,63558.225590372283,68295.000700750403,64416.810692923129,49611.794026062737,44036.284537901629,41921.386176494037,34019.62135443851,37542.108262206508,26859.467611020635,0.49647695091244159,0.59114452468777967,
0.42936389163324429,9.1572026509447078,0,0,0.45156990057159652,0.27063655076260595,0.57319742474709579,0.14260898154452653,0.71440514984247394,0.99899954736164742,0.010467322208017609,0.082399722386040972,28214.899954363933,42747.007949550913,50984.552849687723,67814.831577053017,59557.018808015629,52954.130170070159,50106.230529629451,55525.552548695334,41483.929881816701,32062.296709742699,24773.548198389573,26915.62180354026,0.50998992018011891,0.67776447285819619,
0.20995132795319327,10.013035491326516,0,0,0.42917241667960127,0.33638161275733869,0.32293464202013211,0.98652895757090919,0.83626805654037284,0.96656973306265892,0.010466690020019405,0.056513442224792307,28225.337550848679,42875.492469597608,51580.762489047447,66756.663374759257,64906.991208466236,53414.611579082608,50019.693812624842,55610.565562646138,40860.601624891489,34548.242655573005,24800.258674135835,26644.803349151247,0.4826894783660875,0.67865303012020839,
0.40729402687775657,9.1971377441046673,0,0,0.44926252904756508,0.25961907168824472,0.14766877982973614,0.097218998301221146,0.7310835243078142,0.99760633228934115,0.010461691017910108,0.08192661997043342,28244.811241766562,42813.476444018117,51007.712101071898,67810.901194669073,57353.547840101179,52963.279065963499,50110.55759905099,55784.16595199825,41602.545447525001,31808.666065716472,24769.096733092025,26919.21786795251,0.50900270568370831,0.67799296221796368,
1.128508832750265,6.9229385863408508,0,0,0.39488871904391604,0.40743897550889269,0.41019292094707477,0.86546397436626443,0.58793353921764702,0.95308986130855466,0.002823876338712757,0.41279220535320094,27584.486805715453,42939.348781551271,47636.345928556831,57229.510329675461,68243.898425305088,62014.040950545867,49553.329448422839,44289.970723803344,41437.978028189733,34103.375112199785,37715.120660460227,27124.08023878538,0.37916444195857374,0.68049973509064621,
5.0730529348230613,4.0848923672533575,0,0,0.31832748543044626,0.73459823425011672,0.93076983712583827,0.80816224173658191,0.011027091788915139,0.42799412329000736,0.013656815331116508,0.97717839844827936,26069.06723258167,43045.807810293234,47846.460072907132,64173.221447127515,59825.817841561235,64413.598582793107,49547.634882188591,44009.405109035164,45583.633751796238,39172.589068613277,37898.632400014176,27136.210686701761,0.45359058044830308,0.78144597650544556,
6.5583707780442051,3.6873853723451533,0,0,0.29955031201442478,0.48975593147594448,0.96725686368244113,0.75104843742960337,0.034640681231003584,0.51141366813574307,0.0092638191725741663,0.96366927483808018,26980.34296719707,67757.440461493738,47774.409958805169,63293.189299024685,63678.350199227541,62521.974924725248,50180.392473512649,44840.234730587632,45214.744007926842,39280.360008076772,37397.652654832127,27842.09229328113,0.54735169306120102,0.78212847819013642,
4.3185261852686443,4.3863790539962846,0,0,0.31879873299559591,0.74587721429569742,0.99716007249247285,0.75256311142877907,0.035781181966925521,0.98654439197127386,0.010217191807320197,0.86958126301214933,26030.754602593177,43033.848361794633,47949.027413531687,63759.287616946945,60524.483805702104,65331.279317894681,49647.164478303879,44009.218208561433,45489.49565249322,39209.889810694789,37858.877529292455,27400.480588351955,0.45367950769203874,0.78488625069849594,
0.91104269309381014,7.3581484138579096,0,0,0.38097386714722353,0.54489068676567254,0.2981610314848181,0.34669898034731039,0.60167020200415333,0.98965583772469179,0.0013270424400963197,0.4007086385975776,27371.218220126742,42876.564182882408,47799.843108794099,65436.193329043526,69017.720905906099,64525.947543269227,49543.275087874572,44291.600993889646,41895.960081212448,33853.272399438843,37792.607582898956,27125.875017674309,0.39671164942188869,0.67468782993102927,
4.6629246203200427,4.2446611050796506,0,0,0.32260254137890759,0.72685055098207207,0.71068258666592843,0.7629309564069684,0.030419556641834607,0.59780557092437647,0.010384467746690121,0.98708135507850514,26028.931916866171,43045.831870646951,47940.911419961143,63183.925334079904,59872.801154028115,65563.727956142364,49637.266304541539,44015.965978893677,45849.025602598449,39163.366860658352,37845.088354117797,27069.141715503756,0.45315853713766752,0.78482989700363071,
0.29540614345728816,9.5393978537029636,0,0,0.43851131618944406,0.33436435597407549,0.33888571244403487,0.9865163815170308,0.80253019064659781,0.91644474078249116,0.010466690020019405,0.0660307112964479,28225.492339846016,42875.274085386329,51580.76320713912,67821.800919583955,62434.141251863795,52972.692607632074,50019.693349597248,55525.835598210862,39339.914341687458,31196.174086999181,24465.788465402678,26647.284273026817,0.4831255967861493,0.67846072432129811,
6.0233110241244727,3.9029064416745167,0,0,0.29950133890827668,0.83250035726335458,0.64090280473902017,0.74659747779328978,0.086417339271261148,0.50987461066482087,0.0052107954324910506,0.96135694768331659,26980.343012727517,68067.582444399945,47789.985041076878,64241.835191003513,62410.523592595971,64529.475222395158,50213.799594846743,44493.747671531681,45744.363810061564,39284.164422917653,37384.094062743825,27426.310826335965,0.5351005924550285,0.78211276914873518,
4.7844029841963573,4.167983890335111,0,0,0.3188328134173426,0.72685168946499035,0.94218130289780666,0.75948165391391986,0.01128146904615001,0.58204322502227579,0.010384467709216553,0.98708471381086138,26030.880710876201,43045.9968967397,47940.909627222274,63184.43496957099,59322.496901362894,65028.872840522999,49637.266304541539,44009.155835368176,45850.593663349879,39163.366860658352,37901.53625985048,27148.503182972159,0.45320050976672044,0.78202706582698733,
0.76562813967326659,7.936430489441447,0,0,0.32434550851073102,0.70795244143413205,0.25176844309214513,0.18841936836843828,0.65601527953295535,0.99247169768611709,0.0028143341890000118,0.43944444700642632,27153.824117345321,42600.214913563963,47816.197838267304,62844.529729853741,68000.931451146185,62591.253584288774,49536.903258439554,44024.220645573514,42196.937886360414,34202.752518655951,37455.490252474512,26853.417348977197,0.46519549698205259,0.62154419186019705,
4.6510678419420994,4.2662316874363198,0,0,0.32248661691660996,0.72697813510582521,0.92730147036726018,0.76382092331280249,0.030419556641834607,0.59222304217586608,0.010386628501052852,0.94236846729451473,26030.380490362546,43045.831870646951,47941.118305357784,63183.925334079904,60215.314542186978,65563.727956142364,49637.175209245645,44016.28777768377,45506.46913256179,39163.366860658352,37845.634545851928,27069.141715503756,0.45315853713766752,0.78482120683531409,
2.7277352006969591,6.2277913379401575,0,0,0.35270711540043442,0.31699743890893095,0.67122781110067242,0.7272312454266544,0.086322861553402241,0.99613129205181616,0.0070603445551481719,0.36973976655952684,27545.179547309177,42449.702364957477,47802.012118294522,59860.050184912165,56216.287101461683,61698.93867035475,49584.196095127125,44064.695341015598,44749.615896084906,40527.509268019014,37129.700110374113,27310.796705978883,0.43984588153845683,0.97959687792764705,
0.28730438674196518,9.547815993163244,0,0,0.43851131618944406,0.33436435597407549,0.33246630216104567,0.9865163815170308,0.80253022881972558,0.92684349541589817,0.010466690020019405,0.0660307112964479,28225.492339846016,42874.685469466844,51580.76320713912,67821.800919583955,62434.141273323541,52972.692607632074,50019.693349597248,55525.837409448053,39339.895281263889,31146.727479578771,24465.788465402678,26647.265908299414,0.4831255967861493,0.67846072432129811,
1.1486316691715563,6.8617834682463634,0,0,0.39488908159928759,0.41038303635068774,0.40959918217383801,0.88323798484360749,0.58688746931037572,0.94018833570703797,0.0029341545666782005,0.4190128016959267,27584.486686165721,42940.060585667874,47632.014062203663,57250.26563946536,68410.604051396876,62003.982044767356,49552.579449753866,44289.894369370908,41437.978644154318,34147.077642708129,37714.097520754738,27123.226087451265,0.37927155104440291,0.68049977315690591,
0.2196898899214991,9.8588287369919776,0,0,0.43851119229473179,0.33861224399090883,0.31169956664508514,0.98691360438278919,0.82593667073476518,0.9645291837205946,0.010466690020019405,0.066088757880751234,28218.33270824339,42889.096608579544,51580.743428844231,66598.859748918127,64916.664220532177,52973.807922012922,50021.145351954903,55032.736336921749,40712.902574800864,34663.674054393741,24803.603738811471,26647.299385500635,0.48275186239625095,0.68069363778899428,
0.80868395377140889,7.866842402363373,0,0,0.35588763399437262,0.68326294009676813,0.14200180854621511,0.1917289971542438,0.63997317181402591,0.99786449357306295,0.0022411076085741897,0.3760283643062044,27110.622135803493,42757.647198403873,47872.296562250784,57283.934699583318,69399.955518972813,64599.928612189586,49592.114836573332,44319.700722507463,41101.426600999934,33843.11064262969,37547.925942024202,27145.048797512205,0.43499578131278543,0.67487153854124682,
0.18990871859884029,10.306855589797339,0,0,0.44600165733625219,0.30976273257313086,0.17938010217071979,0.98656148764960172,0.85499918694346011,0.96313051825841656,0.010466679438643172,0.054143029586678146,28372.475328122448,42863.6745313137,51580.685365826808,68149.625852169149,61402.311005427342,52954.188657376457,50086.263126694575,55247.515075728908,39562.901797422863,35272.275343994872,24730.772273957209,26649.074454932434,0.50382803541845045,0.68066192701034367,
1.5162839627476559,6.3905263426463055,0,0,0.3771955738189321,0.43728239708137806,0.5151715679126917,0.69975756634603203,0.39948712699412015,0.88825171455154872,0.0024794953646499781,0.39267002233764614,27355.825881165289,42816.570574433455,47680.038431420369,56852.684958222526,64339.688920483874,68321.861801950639,49489.207781556288,44123.044892448088,42570.912970272737,36316.776125770506,37530.206535991558,27983.146111102564,0.39562574157126656,0.80926984665446322,
0.24782752072959183,9.6686733715546982,0,0,0.43805759579178655,0.19045006503078057,0.34732782456379563,0.98651610167634329,0.80007820839300381,0.94142031685073413,0.010466690104889896,0.0660307112964479,28210.023467438918,42874.235808570375,51582.11749900764,67821.800919583955,62422.09063051769,52972.692607632074,50019.693349597248,55525.836808197986,41512.07129271749,35324.000308567192,24772.591988138294,26647.723846333094,0.4831255967861493,0.67846072432129811,
4.1470954572210594,4.456130302961264,0,0,0.31912042495592369,0.74838682250494826,0.73269647349130751,0.68809173282680369,0.062216292553326946,0.99893526430727975,0.01030442962167399,0.97230380443094855,26011.354396957715,43029.985458752555,47953.940946565694,64208.668511783013,59367.016147543218,67110.330411074683,49650.571417484738,44022.221831015515,45844.72279456065,39176.830204498452,37860.61765286899,27094.59308957043,0.45437039069194135,0.78482085967289428,
3.911730951376208,4.5892217786627896,0,0,0.32180100231183312,0.74857398353009541,0.65899676897172288,0.71527748739289065,0.09860353433564388,0.99893572545266884,0.010749781902737236,0.93604910075588099,26010.193704815036,43030.027032544815,47953.285572889305,64194.12304888136,60456.031764371292,67223.312553149008,49650.571417471154,44009.220289278623,46261.228424634406,39224.426369327797,37804.004502881849,27188.602948214786,0.45437036522496926,0.78473799857821236,
0.30637372209013447,9.5264569539861483,0,0,0.43851131618944406,0.33436435602747666,0.34009613114108711,0.98651663757954389,0.8025144788698203,0.90531127433913405,0.010466690020019405,0.0660307112964479,28225.492339846016,42874.631435513504,51580.76320713912,67821.800919583955,62434.141271374407,52972.692607632074,50019.693349597248,55525.790027661547,39335.249181383319,31141.734643277836,24468.501268892389,26647.711146087229,0.4831255967861493,0.67846072432129811,
5.3750005770727496,4.037672646638474,0,0,0.31884022965249181,0.7268711732334916,0.88309846739646392,0.83400456571086146,0.0017685044928036965,0.2925930117938299,0.010416526716697062,0.9754171701046811,26028.488353542103,43040.969810585302,47942.925899390852,63264.271507760357,59706.9996134709,64486.247272476394,49639.038521248796,44009.267785826822,45680.851704976943,39163.208268647999,37900.941355721952,27140.624385180774,0.45321314366592114,0.78144635297468867,
0.71916537528355184,8.058311427612928,0,0,0.32070260320418109,0.71958655584497522,0.29444322492283354,0.22823657937713346,0.67137303772989332,0.99007744770328698,0.0022191998276149009,0.42559782486050335,27152.720035067498,42600.914698601213,47817.377663125837,64855.898847997036,67988.650463065991,62622.00508749322,49536.966752648812,44021.694235588511,42194.575433642109,34106.815161846644,37455.23327111049,26852.679498032081,0.46713288770898542,0.61298237746300133,
0.86228497050068975,7.5299873628515703,0,0,0.38097386714722353,0.54672702961734654,0.35869381268315337,0.21288501695261453,0.62948779968043977,0.96927979423952504,0.0017540841425452928,0.40982524985500485,27369.389513900947,42874.458579864695,47654.577329696811,65391.302359406312,69325.020503022242,64980.203669120834,49577.540732943722,44320.356274114711,42482.387801758334,33976.050968522693,37724.292276571505,27241.576643394361,0.39669038731738354,0.6738759186239297,
3.2663496153925369,5.6662329241181713,0,0,0.33913741188218088,0.86682220362007933,0.56843769018990864,0.71850130883321706,0.23530216608723409,0.99453070844995062,0.0095319957813555373,0.73263216067329806,26881.045377069735,42744.652232881774,47975.3098713328,63722.982197729849,58954.063273525411,63384.815947149858,49741.530567414397,44079.118466288826,45982.512459812388,39193.898518393813,37456.428186754361,27365.686494153852,0.46681307109125819,0.80031341809525491,
3.0481418445343595,5.7521488585954827,0,0,0.33636758562706953,0.87524755840894009,0.36558229489405225,0.71497627085745541,0.26064321671524476,0.99876742823728026,0.010061729443819729,0.7178742772375406,26880.042272238858,42726.711238321441,47975.892299082581,59018.082223763478,60325.760450748276,63743.469696282053,49754.907686027909,44010.474372963632,46022.792094650038,39194.086691076147,37555.350171951868,27243.414827462617,0.46718638633935372,0.79957779507312721,
4.2095158307279039,4.4436148258070425,0,0,0.31871696836094215,0.74587710748215275,0.98847047051449088,0.75192100345711843,0.043907324459615003,0.99895457252422326,0.010335029025496141,0.86582893918094028,26030.746529522072,43033.759191565536,47948.984526552667,63941.900688457841,60508.642356246695,65705.678972202484,49645.413844444127,44009.174950407643,45481.296359626431,39209.889810694789,37858.915975054086,27340.417051671724,0.45364135571069125,0.78557973027336137,
4.6346699163825571,4.2760292043063126,0,0,0.32260254137890759,0.72697813510582521,0.80844213311687163,0.76380371643827039,0.030419556641834607,0.59785149144279248,0.010386628501052852,0.93905227971217886,26011.139462500261,43045.831870646951,47940.911419961143,63183.925334079904,60215.314542186978,65563.727956142364,49637.266304541539,44016.104035793214,45470.764354484636,39163.366860658352,37845.634545851928,27069.141715503756,0.45315853713766752,0.78482978558451078,
0.32668565787342402,9.4959975423990794,0,0,0.43851131618944406,0.33436435345897964,0.089447609067402997,0.98652435458067078,0.8025148877506989,0.89244413603643047,0.010466690020019405,0.066054861109026725,28225.492339846016,42874.632594420385,51580.76320713912,67821.800919583955,62434.12580822828,52972.692607632074,50019.693349597248,55525.789974134714,39537.802977172563,31253.709972223769,24479.136816613067,26647.750329259561,0.4831255967861493,0.67846072432129811,
0.34956826589366563,9.3515000168554092,0,0,0.45172721671050586,0.28014983803898791,0.44551263523905366,0.065307882439836526,0.75099800928385418,0.99541467572771813,0.010466415272499916,0.082128292299740904,28244.805175338868,42771.728116390645,51012.612069056908,67791.938242543562,60328.795095313289,53154.217306542763,50283.330011166028,55524.714633053954,42042.506491200205,33388.342248466412,24734.399155289098,26918.092266556243,0.51002758705540174,0.67655259900046072,
5.3433988342044261,4.0522832325391027,0,0,0.31833885262650397,0.72689993463373825,0.88313781155945081,0.83387195828754945,0.0068349198206758919,0.29274432637354592,0.010419630580509077,0.97541692173878325,26028.474096865062,43045.822390844391,47942.88278863734,63266.641679124303,59706.78870362178,64503.046956859042,49639.053744170109,44019.827124986987,45905.603174608572,39173.883872245038,37900.872433745171,27230.343244922002,0.45324127564511602,0.78144669720365367,
0.69488520223738381,8.150047341239528,0,0,0.32057893039336988,0.71954415875742528,0.20124754530536912,0.2275564477137284,0.67762700263746045,0.99897400148567894,0.0022737976841564495,0.42211075726223896,27107.39565030851,42664.430777609472,47877.087892466225,64505.758015972504,68129.711609315855,62637.680892000499,49595.510711284805,44050.245753989446,42179.368981230196,34038.794190726279,37454.560344605277,26881.642566660867,0.4708390213569536,0.61442382505395132,
0.89980813243801505,7.4079633561084206,0,0,0.38097386714722353,0.54400085695483735,0.2981610314848181,0.21986171015092681,0.60269799907402766,0.99875466258540635,0.0013270424400963197,0.39910769566989218,27371.218220126742,42865.587503556511,47801.96699180139,64617.535974855389,68935.754364809196,64525.947543269227,49525.568999913186,44292.003115707914,41776.903983435572,33853.272399438843,37792.607582898956,27238.224311151556,0.39669039070496986,0.67412560703500524,
0.43784149050583604,9.1346785456046771,0,0,0.45133549535890316,0.25933493612570169,0.63545270939321552,0.13615218281539906,0.71034294501151496,0.99878106883297435,0.010460687175051791,0.083040092741310009,28245.005741746969,42775.341697163807,50988.880011931498,67807.659065919928,59696.281874023676,52973.423232328169,50113.486415600149,55578.402205072438,41507.154330116267,31900.549517070329,24790.543719857935,26918.720396404497,0.50904418951039709,0.67804243032834222,
0.11999097001245794,13.085442218850504,0,0,0.40767847291395598,0.4045411610060311,0.23272789131517707,0.17136334738935421,0.89196529333126562,0.97963531234440737,0.0081889580169666916,0.048767569662899038,26241.803102736743,43259.176670434128,49581.74771406845,66607.021562602371,66116.875607269321,55718.194464132524,49871.403412047868,57259.102882044412,40355.165127049237,32443.928625514985,25041.862165637282,26983.268428746916,0.5589368289150547,0.91995980967615421,
4.6735050769655562,4.2329659191781124,0,0,0.3188328134173426,0.72722738912721585,0.68325270093248069,0.7629309564069684,0.011366805395005803,0.67805875336682864,0.010384913782993936,0.95428274937283308,26028.830379770432,43045.831870646951,47940.860705371117,63183.925334079904,59324.378461800799,65056.237950931747,49637.266304541539,44009.158294992369,45849.025602598449,39163.366860658352,37901.596511014264,27148.531878478687,0.45325748370274122,0.78202694239508852,
1.7878703579827449,6.2648857998675664,0,0,0.37390349137961676,0.14623061449249056,0.58618920186841605,0.64979147982802044,0.32178206181417079,0.99281343849231807,0.0039030644776078265,0.43458967791184966,27425.706887251159,42560.908041413211,47701.406350247969,59304.423599371774,64284.973621213154,68103.038080234386,49401.679164734829,43887.403372284796,42988.230000161617,37004.567483992912,37902.139404849899,27432.434771461049,0.39383775112182506,0.81294291271999508,
3.1945531734581989,5.6793588959170291,0,0,0.33811722326365246,0.86456432738372357,0.030642725521149747,0.71859989911814315,0.24324402251950744,0.99615404311242917,0.010332485292391197,0.71916507958624631,26881.062381744436,42726.831756511776,47975.996199273228,63673.496704254132,58991.185205312118,64792.249886477191,49740.813477161078,44079.792296342195,43643.808983425333,40331.395055702444,37462.417521846881,27417.636628141539,0.46803635776648406,0.80031321694323465,
4.77204982168863,4.1767507190292816,0,0,0.3188328134173426,0.72685055098207207,0.71068258666592843,0.7629309564069684,0.011294782260125443,0.57232870223543808,0.010384467746690121,0.98708135507850514,26028.815233084049,43045.831870646951,47940.911419961143,63183.925334079904,59874.582009805265,65426.212442422569,49637.266304541539,44009.155835368176,45849.025602598449,39163.366860658352,37901.530460423834,27148.503182972159,0.45320050976672044,0.78202706112165976,
0.44977795076977206,9.1182970614180814,0,0,0.45134835941173479,0.25933910656072778,0.60635330385653141,0.14464293335793549,0.70827146711700961,0.99193152008046415,0.010461214442343188,0.083034430980111276,28245.005741746969,42775.371607898887,50986.515363030696,67807.658238816832,59696.281874023676,52973.801470865772,50113.486415600149,55573.493085032635,41511.753076265268,31799.350760662775,24790.372204351435,26918.71934163573,0.50904418951039709,0.67799955186844874,
5.641544853048968,3.9986344443906652,0,0,0.31837883272340528,0.72293852523917235,0.89728097696128906,0.8381684556582869,0.0042215074802838771,0.16924979289847408,0.013177149574039808,0.98505304280798311,26066.809563689378,43021.056151359466,47820.960090214983,63728.302984248454,59328.846928087492,64512.662747004375,49543.101830447798,44009.272932567816,45477.930164569414,39172.58422254664,37902.96251189959,27134.434072552878,0.45319296363373124,0.7819569180399083,
4.224856332821493,4.41750663324272,0,0,0.31910929631863472,0.74581718040964418,0.99421304992661186,0.74922037790042051,0.042069776946928643,0.99895669491936934,0.010342057028068759,0.87374230653825746,26030.75671242745,43034.097073053133,47953.290555759289,63955.981781218892,60508.057155630646,65679.806019639524,49652.249091853439,44009.207432984513,45480.733243307732,39209.884691536652,37858.899112960091,27341.002491130261,0.45363931217454073,0.78478902134222062,
2.9752808393689687,6.0094034737239381,0,0,0.35270711540043442,0.31699743911456785,0.36628966290279696,0.72728191902816819,0.086322861553402241,0.99613130237361769,0.0070603445551481719,0.36973976655952684,27545.179547309177,42449.702364957477,47802.012118294522,59778.234402060487,56216.287101461683,61698.93867035475,49584.196095127125,44064.695341015598,44749.615896084906,40527.509268019014,37129.700110374113,27310.796705978883,0.43984588153845683,0.97959687792764705,
0.12828934153310778,12.067582337007615,0,0,0.37882271437304876,0.43852638313815145,0.21344454602115892,0.999,0.90570865321308203,0.96572761657385331,0.0083449367494821264,0.055842589590894665,27440.096650732004,43116.247994730074,49502.212963940467,68565.298902223192,66390.85283110707,61800.570725466954,49663.67259537174,55487.004782280885,42434.261824408815,32443.719535844961,25352.261056807885,25706.317110618649,0.5571733587131098,0.63239880834115414,
0.2688662528339531,9.5929048279336158,0,0,0.43851131618944406,0.3343644735802348,0.31655202929711712,0.98652408859429208,0.80251631613620156,0.96419023965932193,0.010466690020019405,0.0660307112964479,28225.492339846016,42889.674709477607,51580.76320713912,67821.800919583955,62434.140706225684,52972.692607632074,50019.693349597248,55525.789515410797,39302.953188506915,31213.849456964963,24338.165102528976,26647.29580103331,0.4831255967861493,0.67846072432129811,
4.9114762828613525,4.1319582395008876,0,0,0.31836301296184066,0.72385041630885649,0.91828135339360317,0.793540700384883,0.0020192030706706714,0.55094113092514396,0.010688903301171018,0.97558935453678464,26027.200618117527,43039.347535870736,47927.028410177409,63711.315342403243,59343.482170296826,64512.244252802266,49633.153921946679,44021.110453996669,45899.550872386448,39173.879961258048,37892.70412522892,27187.363167657732,0.45325910600304237,0.78195039900414631,
1.1555144981828387,6.8451176657176962,0,0,0.39488871807200232,0.40849458673714156,0.40959912467046705,0.89395224835875908,0.58688746931037572,0.94033254089577245,0.0029342606502930644,0.4190128016959267,27584.486686165721,42940.04659207799,47636.565056480824,57251.04376661517,68417.688839776951,62013.133593269828,49552.579449753866,44289.894369370908,41434.22127437521,34147.077642708129,37714.152891085876,27123.226087451265,0.37926532472778451,0.68049973322917223,
1.0261387327908578,7.1079153569744618,0,0,0.39514917212503398,0.48393106289104104,0.37749245157964628,0.5206252436567157,0.57630754243519799,0.95268678528840589,0.0022968118791917452,0.41049126359435995,27381.237829559253,42910.474319758869,47702.857146196046,65517.138146006066,67948.779644119539,64561.782216546315,49593.046755256961,44291.605539049808,39998.624036357425,33834.116741013866,37740.127665616368,27125.903416569228,0.38579850143144756,0.67995061043072436,
5.4468272495694583,4.0154977414608606,0,0,0.31883414204231286,0.72558057680997123,0.91773251058815375,0.83561711518834836,0.0046226608789489022,0.24745905440451091,0.010682747555249889,0.9773015725143025,26023.296878659236,43045.835102027399,47935.8435137341,63183.313154061798,59711.562121247742,65526.65395125973,49638.471506297676,44030.651953733446,45675.048821351775,39173.319588492974,37901.493683996028,27139.996848645431,0.45319280982741461,0.78470037433837769,
